"","CompoundName","BLAST_PercentageIdentity","BLAST_EValue","BLAST_BitScore","TargetDruggabilityIndex","ConSurf_SimilarityPercentage","GeneEssentiality","LiverStage_48h_EC50","BloodStage_48h_EC50","BloodStage_72h_EC50","HEK_CytotoxicConcentration50","HEP_CytotoxicConcentration50"
"1","AG-024322",34.87,7.68e-64,34.7,NA,NA,"Dispensable",2.991731208,NA,0.423,0.145,0.112
"2","PAZINACLONE",34.615,1.96e-07,30.8,NA,43.47826087,"Dispensable",9.999999747,0.0774,0.4274,9.95,9.95
"3","PIRTENIDINE",32.99,6.84e-10,33.1,NA,NA,"Dispensable",0.83771755,NA,0.615,0.279,1.084
"4","cabazitaxel",54.971,3.56e-136,28.5,NA,NA,"Dispensable",0.043432756,0.0064,0.0079,9.95,0.784
"5","4SC-203",30.573,1.56e-41,52,NA,NA,"Dispensable",3.333329005,NA,0.7293,3,4.688
"6","EP-475",36.913,2.76e-55,42.4,NA,NA,"Dispensable",9.999999747,0.2672,0.3128,9.95,9.99
"7","Midostaurin",35.705,3.88e-150,38.1,NA,NA,"Dispensable",3.602265906,0.0864,0.4166,9.95,NA
"8","TG 100572 (Hydrochloride)",33.238,1.78e-47,28.9,NA,NA,"Dispensable",0.64228152,0.1216,0.5889,1.73,3.437
"9","Doxorubicin",39.344,4.37e-08,27.7,NA,NA,"Dispensable",1.717795726,0.0653,0.2495,0.074,0.044
"10","abexinostat",42.857,1e-06,28.1,NA,NA,"Dispensable",1.19213621,0.0507,0.0905,0.376,NA
"11","CPG-52364",35.878,1.27e-38,104,NA,NA,"Dispensable",1.097611516,0.0999,0.3806,1.638,NA
"12","lestaurtinib",39.08,8.97e-110,57.4,NA,NA,"Dispensable",1.02475849,0.0878,0.2592,0.551,0.029
"13","MX-68",40.625,0.039,25.8,NA,NA,"Dispensable",9.999999747,0.1748,0.1903,0.06,0.022
"14","LY-2874455",30.476,2.67e-23,30.8,NA,NA,"Dispensable",2.35456946,0.5116,0.7334,0.875,NA
"15","Leuco methylthioninium salt",39.474,0.25,29.3,NA,100,"Dispensable",3.923044005,0.096,0.2092,3.49,NA
"16","Ponatinib",33.562,1.49e-96,55.8,0.3,61.53846154,"Dispensable",0.241256856,0.2941,0.5549,1.398,0.2
"17","Rimiducid",35.821,3.75e-19,52.4,NA,53.62318841,NA,9.999999747,0.0591,0.4107,9.95,NA
"18","vindesine",48.959,0,800,NA,NA,NA,0.836907589,0.0136,0.0201,9.95,9.99
"19","PF-2575799",41.593,6.31e-127,28.1,NA,NA,NA,5.019860964,0.0413,0.1392,9.95,NA
"20","XL-228",32.89,3.34e-47,35.4,NA,NA,NA,NA,0.0564,0.6213,0.537,NA
"21","Protriptyline hydrochloride",30.097,1.24e-07,27.7,NA,NA,"Essential",9.999999747,0.4304,0.9585,9.95,NA
"22","SN-38",36.111,3.7,110,1,83.5,"Essential",1.008082677,0.5073,0.3575,0.079,NA
"23","XEN-723",36.842,0.045,202,0.1,77.77777778,"Essential",9.999999747,0.1575,0.3344,0.057,NA
"24","Sapanisertib",36.957,0.001,30,NA,NA,"Essential",0.665039408,0.1873,0.3051,0.102,NA
"25","NVP-BGT226",58.788,9.17e-70,30,NA,NA,"Essential",0.000541309,6e-04,0.0059,0.035,0.003
"26","omipalisib",41.387,1.76e-122,133,0.3,72.17391304,"Essential",0.230204066,0.1589,0.1579,0.046,NA
"27","Panulisib",41.379,0.46,54.3,0.3,72.17391304,"Essential",0.076881918,0.0187,0.1587,0.011,0.01
"28","CUDC-907",49.889,0,133,0.3,72.17391304,"Essential",0.039099586,0.0075,0.0183,0.027,0.003
"29","OLIGOMYCIN A",41.244,1.24e-120,28.5,NA,NA,"Essential",0.577783339,0.0573,0.1681,5.579,0.002
"30","minocycline",31.637,1.13e-79,63.2,0.5,77.14285714,"Essential",NA,NA,NA,NA,NA
"31","MK-1775",30.366,5.55e-20,44.7,0.5,77.14285714,"Essential",6.096330708,0.595,0.681,0.31,NA
"32","ACOLBIFENE",30.337,0.033,28.1,NA,NA,"Essential",2.826091304,0.2181,0.7281,2.99,6.206
"33","CE-245677",30.37,1.76e-08,28.9,NA,NA,"Essential",3.333329005,0.6187,0.81,9.95,NA
"34","Echinomycin",60.101,0,28.1,NA,NA,"Essential",0.001524158,NA,0.0026,0.001,0.001
"35","CP-376395",30.137,1.08e-08,28.1,NA,NA,"Essential",6.261021099,0.8352,0.8839,9.95,2.5
"36","elesclomol",34.539,3.57e-43,187,NA,NA,"Essential",9.999999747,0.1958,0.4368,0.169,NA
"37","Ciclesonide",32.5,0.003,27.3,NA,NA,"Essential",3.333329005,0.1986,0.6614,NA,9.95
"38","darifenacin hydrobromide",36.842,1.2,28.5,NA,20,"Essential",9.999999747,1.4341,0.3238,9.95,9.99
"39","CRA-026440",44.444,0.046,28.1,NA,NA,"Essential",2.493525926,0.0146,0.0628,0.836,0.107
"40","vincristine",54.094,5.01e-120,292,NA,NA,"Essential",NA,NA,NA,NA,NA
"41","Vinblastine sulfate",48.684,8.69e-64,292,NA,NA,"Essential",1.104277999,0.0293,0.0235,0.102,NA
"42","Desoxyepothilone B",43.671,5.93e-78,251,NA,NA,"Essential",0.986126679,0.0437,0.0755,9.95,5.869
"43","paclitaxel, Shanghai Fudan-Zhangjiang",41.244,1.24e-120,292,NA,NA,"Essential",7.528203241,0.1642,0.1859,9.95,7.043
"44","vinorelbine",30.375,7.31e-25,292,NA,NA,"Essential",NA,0.171,0.8091,2.985,NA
"45","bazedoxifene acetate",32.594,3.43e-95,29.6,NA,NA,"Essential",5.557643362,0.1915,0.6361,3.04,NA
"46","Cycloheximide",37.105,2.98e-71,34.7,NA,NA,"Essential",0.1091787,0.1784,0.3012,0.759,NA
"47","Imipramine hydrochloride",30.021,2e-62,28.9,NA,NA,"Essential",9.999999747,0.1804,0.9631,9.95,9.95
"48","propafenone SR",33.333,2.91e-45,57.8,NA,48.58156028,"Essential",9.999999747,0.2527,0.5664,9.95,9.99
"49","golvatinib",30,6.99e-16,30,NA,NA,"Essential",2.836290378,0.7384,1.0164,4.363,NA
"50","INO-5042",35.821,10,27.7,NA,62.5,"Essential",2.065566377,NA,0.4026,1.331,0.705
"51","halofuginone",61.323,0,806,NA,100,"Essential",0.070258174,0.001,0.0014,0.088,NA
"52","Gentian violet",34.483,0.000145,27.3,NA,NA,NA,0.214298169,0.1041,0.4563,0.136,NA
"53","GV 150013",39.286,1.7,29.6,NA,NA,NA,9.999999747,NA,0.2526,9.95,NA
"54","Bortezomib",43.333,0.001,29.6,NA,NA,NA,0.011798051,0.0913,0.0815,0.025,NA
"55","TMC-353121",32.524,3.42e-28,29.3,NA,NA,NA,9.999999747,0.319,0.6504,9.95,NA
"56","SGI-1776",32.648,4.84e-95,27.3,NA,NA,NA,1.793050387,0.482,0.623,4.575,1.038
"57","atiprimod dimaleate",34.579,2.8e-50,29.3,NA,57.14285714,NA,7.331098459,0.0434,0.4304,1.715,2.989
"58","Aloxistatin",44.214,1.32e-129,535,0.8,97.8021978,NA,9.999999747,0.031,0.0686,9.95,NA
"59","Mitomycin A",51.389,0,535,0.8,97.8021978,NA,1.359630687,0.0377,0.018,0.362,0.032
"60","resminostat",30.729,8.19e-44,535,0.8,97.8021978,NA,7.058453775,0.4313,0.6967,3.551,1.196
"61","CUDC-101",46.429,0.012,31.2,NA,NA,"Essential",0.348774591,0.0408,0.052,0.408,NA
"62","Trametinib dimethyl sulfoxide",38.421,1.01e-172,33.5,NA,NA,"Essential",NA,0.1604,0.2997,9.95,0.119
"63","dacomitinib",30.097,1.27e-38,31.2,NA,NA,"Essential",0.595753193,0.5402,0.9534,2.624,NA
"64","HKI-357",32.982,1.97e-56,31.2,NA,NA,"Essential",0.572677038,0.212,0.6193,1.724,NA
"65","Valspodar",36,5.77e-13,31.2,NA,NA,"Dispensable",0.003220329,0.3069,0.3695,9.95,NA
"66","quisinostat",60.101,0,109,0.7,68.49315068,"Essential",0.007858333,0.0014,0.0026,0.033,NA
"67","ricolinostat",30.38,1.6e-13,85.5,0.7,68.49315068,"Essential",4.37380686,0.5549,0.7704,9.95,NA
"68","belinostat",41.163,4.09e-126,92,0.7,68.49315068,"Essential",1.827933943,0.0903,0.1882,1.289,NA
"69","ACRANIL",48.959,0,679,1,100,"Essential",0.311584301,0.0075,0.0198,1.433,1.11
"70","Docetaxel",54.688,7.1e-81,679,1,100,"Essential",0.40051404,0.0105,0.0108,9.95,0.024
"71","Ixabepilone",89.07,0,778,1,100,"Essential",0.867326946,0.0416,NA,0.015,0.007
"72","Birinapant",33.022,6.12e-47,32,NA,NA,"Essential",9.999999747,0.1895,0.6027,9.95,NA
"73","astemizole",30.275,9.65e-18,30.8,NA,NA,"Essential",0.050411753,0.3417,0.8533,9.95,NA
"74","CHROMOMYCIN A3",46.667,6.26e-17,30.4,NA,NA,"Essential",0.030243719,0.031,0.0479,0.051,0.055
"75","Batimastat",41.348,1.84e-121,31.6,NA,NA,"Essential",9.999999747,0.0946,0.1654,9.95,NA
"76","bardoxolone methyl",30.396,2e-23,35.8,NA,61.9047619,"Essential",0.154786818,0.3402,0.7499,0.208,0.557
"77","Darapladib",30.279,2.12e-17,32.7,0.5,63.63636364,"Essential",2.876119879,0.5152,0.8496,1.733,NA
"78","Ridinilazole",43.182,2.67e-77,29.3,NA,NA,"Slow",0.214692164,NA,0.0899,9.95,3.109
"79","Flumatinib mesylate",39.394,5.13e-12,52,NA,NA,"Slow",9.999999747,0.0854,0.2131,9.95,NA
"80","Barasertib-HQPA",34.014,2.32e-44,90.9,NA,NA,"Slow",4.61827949,0.2531,0.5386,9.95,9.99
"81","Tryptanthrin",33.333,5.8,26.9,NA,38.46153846,"Slow",0.041152216,0.7366,0.562,9.95,NA
"82","Desipramine",32.877,2.11e-95,33.5,0.5,35.8490566,"Slow",3.333329005,0.2378,0.6217,9.95,NA
"83","Alectinib hydrochloride",30.097,1.24e-07,30,NA,NA,"Slow",0.152361309,0.9074,0.9257,0.797,NA
"84","chlorhexidine dressing",42.857,2.7,65.9,NA,68.63905325,"Slow",2.536344255,0.0109,0.1112,2.208,0.65
"85","Lerisetron",38.889,0.06,28.9,NA,NA,"Slow",1.133629212,0.1442,0.2669,9.95,0.236
"86","PUROMYCIN",42.166,1.24e-122,27.7,NA,NA,"Slow",0.840347639,0.0605,0.1251,1.245,0.498
"87","methylthioninium chloride",42.857,1.56e-10,29.3,NA,45.71428571,"Slow",1.053975438,0.067,0.1176,1.774,NA
"88","brigatinib",32.458,5.69e-79,38.5,NA,NA,"Slow",3.333329005,0.0994,0.346,1.386,0.136
"89","crizotinib",30.325,6.54e-39,37,0.5,50,"Slow",8.516387425,0.2254,0.8268,9.95,NA
"90","Panobinostat lactate",46.429,0.012,47,0.5,50,"Slow",0.130609394,0.0202,0.0509,0.078,NA
"91","penfluridol",34.043,0.005,32.7,0.3,35.71428571,"Slow",3.167291879,0.2177,0.5243,1.901,NA
"92","ZSTK-474",30.293,4.13e-36,29.6,NA,NA,"Slow",0.973112378,0.2381,0.8413,0.762,NA
"93","trovafloxacin mesilate",32.22,1.18e-78,31.6,NA,NA,"Slow",9.999999747,9.95,0.6692,9.95,NA
"94","Epirubicin HCl",36.022,2.26e-142,33.5,NA,NA,"Slow",1.48406366,0.2705,0.3664,0.103,NA
"95","Alvespimycin hydrochloride",38.762,1.23e-73,514,NA,NA,"Slow",0.129277709,0.1594,0.2725,0.164,NA
"96","AMINOQUINURIDE",34.483,4.62e-46,28.1,NA,NA,"Slow",3.493644272,0.0785,0.4489,9.95,9.99
"97","Sepantronium bromide",43.478,0.00046,33.9,NA,NA,"Slow",0.009680399,0.0207,0.0815,0.056,NA
"98","Homoharringtonine",57.827,0,28.5,NA,NA,NA,0.026141802,0.0061,0.0068,0.032,NA
"99","Procyclidine hydrochloride",34.568,0.064,29.3,NA,NA,NA,9.999999747,0.5941,0.4366,9.95,NA
"100","TG-100801",39.651,1.67e-106,33.5,NA,NA,NA,1.408401431,0.0681,0.2047,9.95,NA
"101","CB-5083",30.435,6.51e-51,203,NA,NA,NA,0.540100757,0.2333,0.6084,0.469,0.468
"102","foretinib",30.242,1.26e-63,72,NA,73.33333333,NA,6.04996103,0.1392,0.8587,2.369,NA
"103","XL-888",36.304,1.44e-51,76.6,NA,73.33333333,NA,0.098580522,0.2008,0.3479,0.047,NA
"104","Lomitapide",30.337,8.8e-05,28.9,NA,NA,NA,2.254445462,0.2769,0.8195,0.791,NA
"105","indacaterol maleate",30.097,1.24e-07,28.5,NA,NA,NA,3.113931371,0.6815,0.951,9.95,NA
"106","CP 66948",30,0.003,29.6,NA,50,NA,9.999999747,0.6151,0.9766,9.95,9.95
"107","Bruceantin",55.253,2.37e-81,32.7,0.5,54.34782609,NA,0.000374436,0.0054,0.007,0.025,NA
"108","RTA-63415",30.389,1.19e-35,33.1,0.5,54.34782609,NA,0.307084207,0.4707,0.7607,0.325,NA
"109","AT-9283",30.225,8.91e-45,120,NA,NA,NA,0.569259839,0.1292,0.8638,4.792,1.339
"110","RGB-286638",37.278,8.32e-74,169,NA,NA,NA,0.087431523,0.1381,0.3004,0.058,NA
"111","mibefradil dihydrochloride",30.795,1.16e-27,30,NA,NA,NA,NA,NA,NA,NA,NA
"112","MG-516",32.192,2.86e-91,90.9,0.5,55.72916667,NA,2.178239811,0.1439,0.6727,2.248,1.457
"113","tesevatinib ",32.509,3.76e-43,74.3,0.5,55.72916667,NA,NA,NA,NA,NA,NA
"114","AC-430",30.12,2.09e-32,79.3,0.5,55.72916667,NA,4.210501629,1.1989,0.9238,9.95,NA
"115","Becatecarin",40.576,1.37e-124,32.3,NA,NA,NA,7.160278528,NA,0.1939,0.143,0.158
"116","NCO 700",47.368,0.12,26.6,NA,NA,NA,9.999999747,0.0161,0.0327,9.95,9.95
"117","hydroxyprogesterone caproate",30.418,1.96e-24,30.8,NA,54.54545455,NA,1.710093443,0.5495,0.7424,9.95,0.863
"118","BMS-983970",43.333,8.2e-06,30,NA,NA,NA,0.101885846,0.0632,0.0835,9.95,0.059
"119","TCD-717",30.693,3.82e-22,31.2,NA,NA,NA,0.10214896,0.0632,0.7144,1.929,4.769
"120","lapatinib",34.091,3.18e-06,27.3,NA,NA,NA,4.215136414,0.2995,0.5192,9.95,NA
"121","acivicin",33.987,6.31e-20,117,NA,94.40993789,NA,1.100372401,0.2093,0.5453,7.727,1.703
"122","penbutolol",30,1.92e-07,30,0.5,54.54545455,NA,20.00000677,0.4177,0.9798,9.95,NA
"123","L 796568",34.472,3.82e-56,30,0.5,54.54545455,NA,3.333329005,NA,0.2772,1.628,1.064
"124","TYROTHRICIN",47.222,0.000116,34.7,NA,60,NA,0.192866949,NA,0.0328,0.263,2.07
"125","CHR-3996",53.202,1.59e-78,28.5,NA,NA,NA,0.151463794,0.0197,0.0153,0.92,0.195
"126","ZM447439",32.594,3.43e-95,131,NA,53.50318471,NA,4.329582225,0.4524,0.6433,9.95,NA
"127","ANISOMYCIN",45.467,8.01e-177,25,NA,NA,NA,0.265540308,0.0436,0.0606,0.082,NA
"128","DATELLIPTIUM CHLORIDE",40.576,1.37e-124,294,0.8,92.30769231,NA,9.999999747,NA,0.1934,4.686,0.505
"129","idarubicin",36.957,0.000368,292,0.8,92.30769231,NA,0.842573286,1.8738,0.3021,0.036,NA
"130","mitoxantrone",36.134,4.14e-13,292,0.8,92.30769231,NA,1.721577746,0.239,0.3574,0.217,NA
"131","dactinomycin",84.222,0,857,0.8,92.30769231,NA,0.073285953,0.003,0.0079,0.009,0.003
"132","NEMORUBICIN",83.333,0,857,0.8,92.30769231,NA,0.009023216,0.0044,0.0088,0.005,0.002
"133","aclarubicin",36.957,0.031,294,0.8,92.30769231,NA,2.225660182,0.1537,0.3018,0.166,NA
"134","TAS-103",30.392,3.4e-08,857,0.8,92.30769231,NA,1.499331233,0.5744,0.7555,0.334,0.766
"135","UCN-01",34.271,2.18e-66,37,NA,NA,NA,2.146572797,0.0791,0.4882,0.074,NA
"136","Quinidine",43.29,1.09e-55,28.5,NA,NA,NA,9.999999747,0.0412,0.084,9.95,NA
"137","Halofantrine HCl",82.628,0,55.1,NA,35.04273504,NA,1.882516472,NA,0.0012,9.95,9.95
"138","Harringtonine",47.059,1.1,55.1,NA,35.04273504,NA,0.029134172,0.0243,0.0426,0.185,1.708
"139","anacetrapib",30,5.8,29.3,NA,NA,NA,9.999999747,0.6296,0.7197,9.95,9.99
"140","Luminespib",47.17,1.51e-09,438,NA,NA,NA,0.028846207,0.0382,0.0398,0.011,NA
"141","voclosporin",39.224,8.77e-114,168,0.9,100,NA,0.000169351,NA,0.254,9.95,9.95
"142","JTC-801",32.609,1.31e-06,27.7,0.5,100,NA,0.428711786,0.1229,0.6352,1.81,NA
"143","DESMETHYLASTEMIZOLE",46.667,6.26e-17,28.5,NA,NA,NA,0.070447264,0.0225,0.0465,5.919,0.058
